Type de la CRD,Cat√©gorie du mouvement,Type du mouvement
collectif suspendue,stock_debut,debut
collectif suspendue,entrees,achats
collectif suspendue,entrees,excedents
collectif suspendue,entrees,retours
collectif suspendue,entrees,autres
collectif suspendue,sorties,utilisations
collectif suspendue,sorties,destructions
collectif suspendue,sorties,manquants
collectif suspendue,sorties,autres
collectif suspendue,stock_fin,fin
collectif acquitte,stock_debut,debut
collectif acquitte,entrees,achats
collectif acquitte,entrees,excedents
collectif acquitte,entrees,retours
collectif acquitte,entrees,autres
collectif acquitte,sorties,utilisations
collectif acquitte,sorties,destructions
collectif acquitte,sorties,manquants
collectif acquitte,sorties,autres
collectif acquitte,stock_fin,fin
personnalise,stock_debut,debut
personnalise,entrees,achats
personnalise,entrees,excedents
personnalise,entrees,retours
personnalise,entrees,autres
personnalise,sorties,utilisations
personnalise,sorties,destructions
personnalise,sorties,manquants
personnalise,sorties,autres
personnalise,stock_fin,fin
